2016,TOT,Total,137098601,2123372,318608,2604657,1130635,14237884,2780247,1644920,443814,9501617,4141445,428937,690433,5594420,2757828,1566031,1194755,1924149,2029032,747927,2781446,3325046,4824260,2945233,1211088,2827673,501822,844227,1125385,744296,3906723,798319,7721453,4741564,344360,5536528,1452992,2001336,6166708,464144,2103027,370093,2508027,8969226,1143601,315067,3982752,3316996,721231,2976150,255849,311268
2016,DEM,HillaryClinton,65853625,729547,116454,1161167,380494,8753788,1338870,897572,235603,4504975,1877963,266891,189765,3090729,1033126,653669,427005,628854,780154,357735,1677928,1995196,2268839,1367825,485131,1071068,177709,284494,539260,348526,2148278,385234,4556124,2189316,93758,2394164,420375,1002106,2926441,252525,855373,117458,870695,3877868,310676,178573,1981473,1742718,188794,1382536,55973,282830
2016,REP,DonaldTrump,62985106,1318255,163387,1252401,684872,4483810,1202484,673215,185127,4617886,2089104,128847,409055,2146015,1557286,800983,671018,1202971,1178638,335593,943169,1090893,2279543,1323232,700714,1594511,279240,495961,512058,345790,1601933,319667,2819534,2362631,216794,2841005,949136,782403,2970733,180543,1155389,227721,1522925,4685047,515231,95369,1769443,1221747,489371,1405284,174419,12723
2016,LIB,GaryJohnson,4489233,44467,18725,106327,29829,478500,144121,48676,14757,207043,125306,15954,28331,209596,133993,59186,55406,53752,37978,38105,79605,138018,172136,112984,14435,97359,28037,38946,37384,30777,72477,74541,176598,130126,21434,174498,83481,94231,146715,14746,49204,20850,70397,283492,39608,10078,118274,160879,23004,106674,13287,4906
2012,TOT,Total,129235558,2074338,300495,2306559,1069468,13055815,2571846,1558993,413921,8492175,3908369,434697,656742,5251432,2633143,1582180,1156254,1798048,1994065,713180,2707327,3167767,4745316,2936561,1285584,2763689,484484,794379,1014918,710972,3651140,783757,7081536,4505372,322627,5590934,1334872,1789270,5754939,446049,1964118,363815,2460904,7999532,1020861,299290,3854489,3145958,672119,3068434,249061,293764
2012,DEM,BarackObama,65918507,795696,122640,1025232,394409,7854285,1323102,905109,242584,4237756,1773827,306658,212787,3019512,1154275,822544,439908,679370,809141,401306,1677844,1921761,2564569,1546167,562949,1223796,201839,302081,531373,369561,2126610,415335,4485877,2178391,124827,2827709,443547,970488,2990274,279677,865941,145039,960709,3308124,251813,199239,1971820,1755396,238269,1620985,69286,267070
2012,REP,MittRomney,60934407,1255925,164676,1233654,647744,4839958,1185243,634899,165484,4163447,2078688,121015,420911,2135216,1422872,730617,689809,1087190,1152262,292276,971869,1188460,2115256,1320225,710746,1482440,267928,475064,463567,329918,1478749,335788,2490496,2270395,188163,2661437,891325,754175,2680434,157204,1071645,210610,1462330,4569843,740600,92698,1822522,1290670,417655,1407966,170962,21381
2008,TOT,Total,131473705,2099819,326197,2303838,1086617,13583083,2401462,1646793,412616,8412248,3932158,453568,658454,5530179,2756658,1537123,1238873,1827587,1960761,731163,2631596,3081069,5010606,2910369,1289939,2929111,492750,801281,967848,710970,3877407,830158,7640948,4310789,317738,5721831,1462661,1827864,6015476,471766,1920969,381975,2601982,8087791,958996,325046,3723260,3053261,715123,2983417,254658,265853
2008,DEM,BarackObama,69499428,813479,123594,1034707,422310,8274473,1288633,997773,255459,4282367,1844123,325871,236440,3419348,1374039,828940,514765,751985,782989,421923,1629467,1904098,2872579,1573354,554662,1441911,232159,333319,533736,384826,2215422,472422,4804945,2142651,141403,2940044,502496,1037291,3276363,296571,862449,170924,1087437,3528633,327670,219262,1959532,1750848,303857,1677211,82868,245800
2008,REP,JohnMcCain,59950323,1266546,193841,1230111,638017,5011781,1073629,629428,152374,4046219,2048759,120566,403012,2031179,1345648,682379,699655,1048462,1148275,295273,959862,1108854,2048639,1275409,724597,1445814,243882,452979,412827,316534,1613207,346832,2752771,2128474,168887,2677820,960165,738475,2655885,165391,1034896,203054,1479178,4479328,596030,98974,1725005,1229216,397466,1262393,164958,17367
2004,TOT,Total,122303590,1883449,312598,2016102,1054945,12421859,2130325,1578769,375270,7609810,3304481,429013,598447,5274322,2468002,1506908,1187756,1796079,1943106,740752,2386678,2912388,4839252,2828387,1152365,2731364,450445,778186,829587,677738,3612137,756304,7391954,3501007,312833,5627908,1463758,1836782,5769590,437134,1617730,388215,2434949,7410765,927844,312309,3198367,2861713,755887,2997007,243428,227586
2004,DEM,JohnKerry,59027115,693933,111025,893524,469953,6745485,1001725,857488,200152,3583544,1366149,231708,181098,2891550,969011,741898,434993,712733,820299,396842,1334493,1803800,2479183,1445014,458094,1259171,173710,254328,397190,340511,1911430,370942,4314280,1525849,111052,2741167,503966,943163,2938095,259760,661699,149244,1035160,2832704,241199,184067,1454742,1510201,326541,1489504,70776,202970
2004,REP,GeorgeWBush,62039572,1176394,190889,1104294,572898,5509826,1101256,693826,171660,3964522,1914254,194191,409235,2345946,1479438,751957,736456,1069439,1102169,330201,1024703,1071109,2313746,1346695,684981,1455713,266063,512814,418690,331237,1670003,376930,2962567,1961166,196651,2859768,959792,866831,2793847,169046,937974,232584,1383336,4526917,663742,121180,1716959,1304894,423778,1478120,167629,21256
2000,TOT,Total,105425985,1672551,285560,1534113,921781,10965856,1741365,1459525,327622,5963110,2596804,367951,501621,4742123,2199302,1315563,1072216,1544187,1765656,651817,2025480,2702984,4232711,2438685,994926,2359892,410997,697019,608970,569081,3187226,598605,6831178,2911262,288267,4705457,1234229,1533968,4913119,409112,1383777,316269,2076181,6407637,770754,294308,2739447,2488745,648124,2598607,218351,201894
2000,DEM,AlGore,51009810,695602,79004,685341,422768,5861203,738227,816015,180068,2912253,1116230,205286,138637,2589026,901980,638517,399276,638898,792344,319951,1145782,1616487,2170418,1168266,404964,1111138,137126,231780,279978,266348,1788850,286783,4113791,1257692,95284,2186190,474276,720342,2485967,249508,566039,118804,981720,2433746,203053,149022,1217290,1247652,295497,1242987,60481,171923
2000,REP,GeorgeWBush,50462412,944409,167398,781652,472940,4567429,883745,561094,137288,2912790,1419720,137845,336937,2019421,1245836,634373,622332,872492,927871,286616,813797,878502,1953139,1109659,573230,1189924,240178,433862,301575,273559,1284173,286417,2405676,1631163,174852,2351209,744337,713577,2281127,130555,786426,190700,1061949,3799639,515096,119775,1437490,1108864,336475,1237279,147947,18073
2000,GRE,RalphNader,2883443,18349,28747,45645,13421,418707,91434,64452,8307,97488,13432,21623,12292,103759,18531,29374,36086,23192,20473,37127,53768,173564,84165,126696,8126,38515,24437,24540,15008,22198,94554,21251,244398,0,9497,117857,0,77357,103392,25052,20279,0,19781,137994,35850,20374,59398,103002,10680,94070,4625,10576
1996,TOT,Total,96275640,1534349,241620,1404405,884262,10019484,1510704,1392614,271084,5303794,2299071,360120,491719,4311391,2135842,1234075,1074300,1388708,1783959,605897,1780870,2556785,3848844,2192640,893857,2158065,407261,677415,464279,499175,3075807,556074,6316129,2515807,266411,4534434,1206713,1377760,4506118,390284,1149457,323826,1894105,5611644,665629,258449,2416642,2253837,636459,2196169,211571,185726
1996,DEM,BillClinton,47400125,662165,80380,653288,475171,5119835,671152,735740,140355,2546870,1053849,205012,165443,2341744,887424,620258,387659,636614,927837,312788,966207,1571763,1989653,1120438,394022,1025935,167922,236761,203974,246214,1652329,273495,3756177,1107849,106905,2148222,488105,649641,2215819,233050,504051,139333,909146,2459683,221633,137894,1091060,1123323,327812,1071971,77934,158220
1996,REP,BobDole,39198755,769044,122746,622073,325416,3828380,691848,483109,99062,2244536,1080843,113943,256595,1587021,1006693,492644,583245,623283,712586,186378,681530,718107,1481212,766476,439838,890016,179652,363467,199244,196532,1103078,232751,1933492,1225938,125050,1859883,582315,538152,1801169,104683,573458,150543,863530,2736167,361911,80352,1138350,840712,233946,845029,105388,17339
1996,REF,RossPerot,8085402,92149,26333,112072,69884,697847,99629,139523,28719,483870,146337,27358,62518,346408,224299,105159,92639,120396,123293,85970,115812,227217,336670,257704,52222,217188,55229,71278,43986,48390,262134,32257,503458,168059,32515,483207,130788,121221,430984,43723,64386,31250,105918,378537,66461,31024,159861,201003,71639,227339,25928,3611
1992,TOT,Total,104426611,1688060,258506,1487006,950653,11131721,1569180,1616332,289735,5314392,2321133,372842,482142,5050157,2305871,1354607,1157236,1492900,1790017,679499,1985046,2773574,4274673,2347948,981793,2391565,410611,739283,506318,537945,3343594,569986,6926925,2611850,308133,4939964,1390359,1462643,4959810,453478,1202527,336254,1982638,6154018,744069,289701,2558665,2288230,683711,2531114,200625,227572
1992,DEM,BillClinton,44909806,690080,78294,543050,505823,5121325,629681,682318,126054,2072698,1008966,179310,137013,2453350,848420,586353,390434,665104,815971,263420,988571,1318662,1871182,1020997,400258,1053873,154507,217344,189148,209040,1436206,261617,3444450,1114042,99168,1984942,473066,621314,2239164,213299,479514,124888,933521,2281815,183429,133592,1038650,993037,331001,1041066,68160,192619
1992,REP,GeorgeH.W.Bush,39104550,804283,102000,572086,337324,3630574,562850,578313,102313,2173310,995252,136822,202645,1734096,989375,504891,449951,617178,733386,206504,707094,805049,1554940,747841,487793,811159,144207,344346,175828,202484,1356865,212824,2346649,1134661,136244,1894310,592929,475757,1791841,131601,577507,136718,841300,2496071,322632,88122,1150517,731234,241974,930855,79347,20698
1992,I,RossPerot,19743821,183109,73481,353741,99132,2296006,366010,348771,59213,1053067,309657,53003,130395,840515,455934,253468,312358,203944,211478,206820,281414,632312,824813,562506,85626,518741,107225,174687,132580,121337,521829,91895,1090721,357864,71084,1036426,319878,354091,902667,105045,138872,73295,199968,1354781,203400,65991,348639,541780,108829,544479,51263,9681
1988,TOT,Total,91594686,1378476,200116,1171873,827738,9887064,1372394,1443394,249891,4302313,1809672,354461,408968,4559120,2168621,1225614,993044,1322517,1628202,555035,1714358,2632805,3669163,2096790,931527,2093228,365674,662372,350067,450525,3099553,521287,6485683,2134370,297261,4393699,1171036,1201694,4536251,404620,986009,312991,1636250,5427410,647008,243333,2191609,1865253,653311,2191608,176551,192877
1988,DEM,MichaelDukakis,41809476,549506,72584,454029,349237,4702233,621453,676584,108647,1656701,714792,192364,147272,2215940,860643,670557,422636,580368,717460,243569,826304,1401406,1675783,1109471,363921,1001619,168936,259646,132738,163696,1320352,244497,3347882,890167,127739,1939629,483423,616206,2194944,225123,370554,145560,679794,2352748,207343,115775,859799,933516,341016,1126794,67113,159407
1988,REP,GeorgeH.W.Bush,48886597,815576,119251,702541,466578,5054917,728177,750241,139639,2618885,1081331,158625,253881,2310939,1297763,545355,554049,734281,883702,307131,876167,1194644,1965486,962337,557890,1084953,190412,398447,206040,281537,1743192,270341,3081871,1237258,166559,2416549,678367,560126,2300087,177761,606443,165415,947233,3036829,428442,124331,1309162,903835,310065,1047499,106867,27590
1984,TOT,Total,92653233,1441713,207605,1025897,884406,9505423,1295381,1466900,254572,4180051,1776093,335846,411144,4819088,2233069,1319805,1021991,1370461,1706822,553144,1675873,2559453,3801658,2084449,940192,2122771,384377,652090,286667,388954,3217862,514370,6806810,2175361,308971,4547619,1255676,1226527,4844903,410492,968540,317867,1711993,5397571,629656,234561,2146635,1883910,735742,2212016,188968,211288
1984,DEM,WalterMondale,37577352,551899,62007,333854,338646,3922519,454974,569597,101656,1448816,706628,147154,108510,2086499,841481,605620,333149,539589,651586,214515,787935,1239606,1529638,1036364,352192,848583,146742,187866,91655,120395,1261323,201769,3119609,824287,104429,1825440,385080,536479,2228131,197106,344470,116113,711714,1949276,155369,95730,796250,807352,328125,995847,53370,180408
1984,REP,RonaldReagan,54455472,872849,138377,681416,534774,5467009,821818,890877,152190,2730350,1068722,185050,297523,2707103,1377230,703088,677296,822782,1037299,336500,879918,1310936,2251571,1032603,581477,1274188,232450,460054,188770,267051,1933630,307101,3664763,1346481,200336,2678560,861530,685700,2584323,212080,615539,200267,990212,3433428,469105,135865,1337078,1051670,405483,1198800,133241,29009
1980,TOT,Total,86509678,1341929,158445,873945,837582,8587063,1184415,1406285,235668,3687026,1597467,303287,437431,4749721,2242033,1317661,979795,1294627,1548591,523011,1540496,2524298,3909725,2051953,892620,2099824,363952,640854,247885,383999,2975684,456237,6201959,1855833,301545,4283603,1149708,1181516,4561501,416072,890083,327703,1617616,4541637,604222,213207,1866032,1742394,737715,2273221,176713,173889
1980,DEM,JimmyCarter,35480115,636730,41842,246843,398041,3083661,367973,541732,105754,1419475,890733,135879,110192,1981413,844197,508672,326150,616417,708453,220974,726161,1053802,1661532,954174,429281,931182,118032,166851,66666,108864,1147364,167826,2728372,875635,79189,1752414,402026,456890,1937540,198342,427560,103855,783051,1881147,124266,81891,752174,650193,367462,981584,49427,130231
1980,REP,RonaldReagan,43903230,654192,86112,529688,403164,4524858,652264,677210,111252,2046951,654168,130112,290699,2358049,1255656,676026,566812,635274,792853,238522,680606,1057631,1915225,873241,441089,1074181,206814,419937,155017,221705,1546557,250779,2893831,915018,193695,2206545,695570,571044,2261872,154793,441207,198343,787761,2510705,439687,94598,989609,865244,334206,1088845,110700,23313
1980,I,JohnAnderson,5719850,16481,11155,76952,22468,739833,130633,171807,16288,189692,36055,32021,27058,346754,111639,115633,68231,31127,26345,53327,119537,382539,275223,174990,12036,77920,29281,44993,17651,49693,234632,29459,467801,52800,23640,254472,38284,112389,292921,59819,14150,21431,35991,111613,30284,31760,95418,185073,31691,160657,12072,16131
1976,TOT,Total,81540780,1182850,123574,742719,769396,7867117,1081135,1381526,235834,3150631,1467458,291301,340932,4718833,2220362,1279306,957845,1167142,1278439,483208,1432273,2547558,3653749,1949931,769360,1953600,328734,607668,201876,339618,3014472,416590,6534420,1677906,297094,4111873,1092251,1029876,4620787,411170,802594,300678,1476346,4071884,541198,187855,1697094,1555534,750674,2101336,156343,168830
1976,DEM,JimmyCarter,40831881,659170,44058,295602,499614,3742284,460353,647895,122596,1636000,979409,147375,126549,2271295,1014714,619931,430421,615717,661365,232279,759612,1429475,1696714,1070440,381309,998387,149259,233692,92479,147635,1444653,201148,3389558,927365,136078,2011621,532442,490407,2328677,227636,450825,147068,825879,2082319,182110,81044,813896,717323,435914,1040232,62239,137818
1976,REP,GeraldFord,39148634,504070,71555,418642,268753,3882244,584367,719261,109831,1469531,483743,140003,204151,2364269,1183958,632863,502752,531852,587446,236320,672661,1030276,1893742,819395,366846,927443,173703,359705,101273,185935,1509688,211419,3100791,741960,153470,2000505,545708,492120,2205604,181249,346140,151505,633969,1953300,337908,102085,836554,777732,314760,1004987,92717,27873
1972,TOT,Total,77744030,1006093,95219,653505,647666,8367862,953884,1384277,235516,2583283,1174772,270274,310379,4723236,2125529,1225944,916095,1067499,1051491,417271,1353812,2458756,3490325,1741652,645963,1852589,317603,576289,181766,334059,2997229,385931,7161830,1518612,280514,4094787,1029900,927946,4592105,415808,677880,307415,1201182,3472714,478476,186946,1457019,1470847,762399,1852890,145570,163421
1972,DEM,GeorgeMcGovern,29173222,256923,32967,198540,198899,3475847,329980,555498,92283,718117,289529,101409,80826,1913472,708568,496206,270287,371159,298142,160584,505781,1332540,1459435,802346,126782,698531,120197,169991,66016,116435,1102211,141084,2951084,438705,100384,1558889,247147,392760,1796951,194645,189270,139945,357293,1154291,126284,68174,438887,568334,277435,810174,44358,127627
1972,REP,RichardNixon,47168710,728701,55349,402812,445751,4602096,597189,810763,140357,1857759,881496,168865,199384,2788179,1405154,706207,619812,676446,686852,256458,829305,1112078,1961721,898269,505125,1154058,183976,406298,115750,213724,1845502,235606,4192778,1054889,174109,2441827,759025,486686,2714521,220383,478427,166476,813147,2298896,323643,117149,988493,837135,484964,989430,100464,35226
1968,TOT,Total,73199999,1049917,83035,486936,609590,7251587,811199,1256232,214367,2187805,1250266,236218,291183,4619749,2123597,1167931,872783,1055893,1097450,392936,1235039,2331752,3306250,1588510,654509,1809502,274404,536851,154218,297299,2875395,327281,6790066,1587493,247882,3959698,943086,819622,4747928,385000,666982,281264,1248617,3079406,422568,161404,1361491,1304281,754206,1691538,127205,170578
1968,DEM,HubertHumphrey,31271839,196579,35411,170514,184901,3244318,335174,621561,89194,676794,334440,141324,89273,2039814,806659,476699,302996,397541,309615,217312,538310,1469218,1593082,857738,150644,791444,114117,170784,60598,130589,1264206,130081,3378470,464113,94769,1700586,301658,358866,2259405,246518,197486,118023,351233,1266804,156665,70255,442387,616037,374091,748804,45173,139566
1968,REP,RichardNixon,31783783,146923,37600,266721,189062,3467664,409345,556721,96714,886804,380111,91425,165369,2174774,1067885,619106,478674,462411,257535,169254,517995,766844,1370665,658643,88516,811932,138835,321163,73188,154903,1325467,169692,3007932,627192,138669,1791014,449697,408433,2090017,122359,254062,149841,472592,1227844,238728,85142,590319,588510,307555,809997,70927,31012
1968,AMI,GeorgeWallace,9901118,691425,10024,46573,235627,487270,60813,76650,28459,624207,535550,3469,36541,390958,243108,66422,88921,193098,530300,6370,178734,87088,331968,68931,415349,206126,20015,44904,20432,11173,262187,25737,358864,496188,14244,467495,191731,49683,378582,15678,215430,13400,424792,584269,26906,5104,321833,96990,72560,127835,11105,0
1964,TOT,Total,70641539,689817,67259,480770,560426,7057586,776986,1218578,201320,1854481,1139336,207271,292477,4702841,2091606,1184539,857901,1046105,896293,381221,1116457,2344798,3203102,1554462,409146,1817879,278628,584154,135433,288093,2846770,327615,7166015,1424983,258389,3969196,932499,786305,4822690,390091,524756,293118,1143946,2626811,400310,163089,1042267,1258556,792040,1691815,142716,198597
1964,DEM,LBJ,43129040,0,44329,237753,314197,4171877,476024,826269,122704,948540,522557,163249,148920,2796833,1170848,733030,464028,669659,387068,262264,730912,1786422,2136615,991117,52618,1164344,164246,307307,79339,184064,1867671,194017,4913156,800139,149784,2498331,519834,501017,3130954,315463,215700,163010,634947,1663185,219628,108127,558038,779881,538087,1050424,80718,169796
1964,REP,BarryGoldwater,27175754,479085,22930,242535,243264,2879108,296767,390996,78078,905941,616584,44022,143557,1905946,911118,449148,386579,372977,509225,118701,385495,549727,1060152,559624,356528,653535,113032,276847,56094,104029,963843,131838,2243559,624844,108207,1470865,412665,282779,1673657,74615,309048,130108,508965,958566,180682,54942,481334,470366,253953,638495,61998,28801
1960,TOT,Total,68832483,564473,60762,398491,428509,6506578,736246,1222883,196683,1544176,733349,184705,300450,4757409,2135360,1273810,928825,1124462,807891,421773,1055349,2469480,3318097,1541887,298171,1934422,277579,613095,107267,295761,2773111,311107,7291079,1368556,278431,4161859,903150,776421,5006541,405535,386688,306487,1051792,2311084,374709,167324,771449,1241572,837781,1729082,140782,
1960,DEM,JFK,34220984,318303,29809,176781,215049,3224099,330629,657055,99590,748700,458638,92410,138853,2377846,952358,550565,363213,521855,407339,181159,565808,1487174,1687269,779933,108362,972201,134891,232542,54880,137772,1385415,156027,3830085,713136,123963,1944248,370111,367402,2556282,258032,198129,128070,481453,1167567,169248,69186,362327,599298,441786,830805,63331,
1960,REP,RichardNixon,34108157,237981,30953,221241,184508,3259722,402242,565813,96373,795476,274472,92295,161597,2368988,1175120,722381,561474,602607,230980,240608,489538,976750,1620428,757915,73561,962221,141841,380553,52387,157989,1363324,153733,3446419,655420,154310,2217611,533039,408060,2439956,147502,188558,178417,556577,1121310,205361,98131,404521,629273,395995,895175,77451,
1960,OTHER,Other,503342,8189,0,469,28952,22757,3375,15,720,0,239,0,0,10575,7882,864,4138,0,169572,6,3,5556,10400,4039,116248,0,847,0,0,0,24372,1347,14575,0,158,0,0,959,10303,1,1,0,13762,22207,100,7,4601,13001,0,3102,0,
1956,TOT,Total,62021979,496871,,290173,406572,5466355,663074,1117121,177988,1124220,663480,,272989,4407407,1974607,1234564,866243,1053805,617544,351706,932351,2348506,3080468,1340005,248149,1832562,271171,577137,96689,266994,2484312,253926,7093336,1165592,253991,3702265,859350,735597,4576503,387611,300583,293857,939404,1955545,333995,152978,697978,1150889,830831,1550558,124127,
1956,DEM,AdlaiStevenson,26028028,280844,,112880,213277,2420135,263997,405079,79421,480371,441094,,105868,1775682,783908,501858,296317,476453,243977,102468,372613,948190,1359898,617525,144498,918273,116238,199029,40640,90364,850337,106098,2750769,590530,96742,1439655,385581,329204,1981769,161790,136372,122288,456507,859958,118364,42549,267760,523002,381534,586768,49554,
1956,REP,DwightD.Eisenhower,35579180,195694,,176990,186287,3027668,394479,711837,98057,643849,216652,,166979,2623327,1182811,729187,566878,572192,329047,249238,559738,1393197,1713647,719302,60685,914289,154933,378108,56049,176519,1606942,146788,4340340,575062,156766,2262610,473769,406393,2585252,225819,75700,171569,462288,1080619,215631,110390,386459,620430,449297,954844,74573,
1956,OTHER,Other,414771,20333,,303,7008,18552,4598,205,510,0,5734,,142,8398,7888,3519,3048,5160,44520,0,0,7119,6923,3178,42966,0,0,0,0,111,27033,1040,2227,0,483,0,0,0,9482,2,88511,0,20609,14968,0,39,43759,7457,0,8946,0,
1952,TOT,Total,61751942,426120,,260570,404800,5341603,630103,1096911,174025,989337,655803,,276231,4481058,1955325,1268773,896166,993148,651952,351786,902074,2383398,2798592,1379483,285532,1892062,265037,609660,82190,272950,2419554,238608,7128241,1210910,270127,3700758,948984,695059,4580969,414498,341086,294283,892553,2075946,329554,153557,619689,1102708,873548,1607370,129251,
1952,DEM,AdlaiStevenson,27375090,275075,,108528,226300,2257646,245504,481649,83315,444950,456823,,95081,2013920,801530,451513,273296,495729,345027,118806,395337,1083525,1230657,608458,172566,929830,106213,188057,31688,106663,1015902,105661,3104601,652803,76694,1600367,430939,270579,2146269,203293,173004,90426,443710,969228,135364,43355,268677,492845,453578,622175,47934,
1952,REP,DwightD.Eisenhower,34075529,149231,,152042,177155,3035587,379782,611012,90059,544036,198979,,180707,2457327,1136259,808906,616302,495029,306925,232353,499424,1292325,1551529,763211,112966,959429,157394,421603,50502,166287,1374613,132170,3952815,558107,191712,2100391,518045,420815,2415789,210935,168082,203857,446147,1102878,194190,109717,349037,599107,419970,979744,81047,
1948,TOT,Total,48794710,214980,,177065,242475,4021538,515237,883518,139073,577643,418764,,214816,3984046,1656214,1038272,788819,822658,416336,264789,596735,2107146,2109609,1212226,192190,1578628,224278,488940,62117,231440,1949555,187063,6178502,791209,220716,2936071,721599,524080,3735148,327702,142571,250105,550283,1249577,276305,123382,419256,905059,748750,1276800,101425,
1948,DEM,HarryS.Truman,24179347,0,,95251,149659,1913134,267288,423297,67813,281988,254646,,107370,1994715,807833,522380,351902,466756,136344,111916,286521,1151788,1003448,692966,19384,917315,119071,224165,31291,107995,895455,105464,2780204,459070,95812,1452791,452782,243147,1752426,188736,34423,117653,270402,824235,149151,45557,200786,476165,429188,647310,52354,
1948,REP,ThomasDewey,21991292,40930,,77597,50959,1895269,239714,437754,69588,194280,76691,,101514,1961103,821079,494018,423039,341210,72657,150234,294814,909370,1038595,483617,5043,655039,96770,264774,29357,121299,981124,80303,2841163,258572,115139,1445684,268817,260904,1902197,135787,5386,129651,202914,303467,124402,75926,172070,386315,316251,590959,47947,
1948,DIX,StromThurmond,1175946,171443,,0,40068,1228,0,0,0,89755,85055,,0,0,0,0,0,10411,204290,0,2476,0,0,0,167538,42,0,0,0,7,0,0,16,69652,374,0,0,0,0,0,102607,0,73815,113776,0,0,43393,0,0,0,0,
1948,PRO,HenryWallace,1157328,1522,,3310,751,190381,6115,13713,1050,11620,1636,,4972,0,9649,12125,4603,1567,3035,1884,9983,38157,46515,27866,225,3998,7313,0,1469,1970,42683,1037,509559,3915,8391,37596,0,14978,55161,2619,154,2801,1864,3920,2679,1279,2047,31692,3311,25282,931,
1944,TOT,Total,47977092,244743,,137634,212954,3520875,505039,831990,125361,482592,328109,,208321,4036061,1672091,1052599,733776,867921,349383,296400,608439,1960665,2205223,1125529,180080,1572474,207355,563126,54234,229627,1963761,152225,6316817,790554,220171,3153056,722636,480147,3794793,299276,103375,232076,510692,1150331,248319,125361,388485,856328,715596,1339152,101340,
1944,DEM,FDR,25612916,198918,,80926,148965,1988564,234331,435146,68166,339377,268187,,107399,2079479,781403,499876,287458,472589,281564,140631,315490,1035296,1106899,589864,168479,807804,112556,233246,29623,119663,987874,81389,3304238,527399,100144,1570763,401549,248635,1940479,175356,90601,96711,308707,821605,150088,53820,242276,486774,392777,650413,49419,
1944,REP,ThomasDewey,22017929,44540,,56287,63551,1512965,268731,390527,56747,143215,59880,,100137,1939314,875891,547267,442096,392448,67750,155434,292949,921350,1084423,527416,11601,761524,93163,329880,24611,109916,961335,70688,2987647,263155,118535,1582293,319424,225365,1835054,123487,4610,135365,200311,191425,97891,71527,145243,361689,322819,674532,51921,
1940,TOT,Total,49912852,294219,,150039,200743,3268791,549004,781502,136374,485492,312551,,235168,4217935,1782747,1215430,860297,970163,372305,320840,660117,2026993,2085929,1251188,175824,1833729,247873,615878,53174,235419,1972552,183258,6313897,822648,280775,3319912,826212,481240,4078714,321148,99832,308427,522823,1124531,247819,143062,346607,793833,868076,1405522,112240,
1940,DEM,FDR,27314449,250726,,95267,158622,1877618,265554,417621,74599,359334,265194,,127842,2149934,874063,578800,364725,557322,319751,156478,384546,1076522,1032991,644196,168267,958476,145698,263677,31945,125292,1016808,103699,3251918,609015,124036,1733139,474313,258415,2171035,182182,95470,131362,351601,909974,154277,64269,235961,462145,495662,704821,59287,
1940,REP,WendellWilkie,22348343,42184,,54030,42121,1351419,279576,361819,61440,126158,46360,,106553,2047240,899466,632370,489169,410384,52446,163951,269534,939700,1039917,596274,7364,871009,99579,352201,21229,110127,945475,79315,3027478,213633,154590,1586773,348872,219555,1889848,138653,4360,177065,169153,212692,93151,78371,109363,322123,372414,679206,52633,
1936,TOT,Total,45654388,275744,,124163,179423,2638882,488684,690723,127603,327432,293178,,199617,3956522,1650897,1142733,865514,926206,329778,304240,624896,1840357,1805098,1129975,162142,1828635,230512,608023,43848,218114,1820437,169136,5596398,839464,273716,3012589,749740,414021,4138426,311178,115437,296452,475538,849736,216677,143689,334590,692338,829945,1258560,103382,
1936,DEM,FDR,27757431,238196,,86722,146765,1766836,295021,382129,69702,249117,255364,,125683,2282999,934974,621756,464520,541944,292894,126333,389612,942716,1016794,698811,157333,1111043,159690,347445,31925,108460,1083850,106037,3293222,616141,163148,1747140,501069,266733,2353987,165238,113791,160137,327083,739952,150246,62124,234980,459579,502582,802984,62624,
1936,REP,AlfLandon,16683574,35358,,33433,32039,836431,181267,278685,57236,78248,36942,,66256,1570393,691570,487977,397727,369702,36791,168823,231435,768613,699733,350461,4467,697891,63598,247731,11923,104642,720322,61727,2180670,223283,72751,1127855,245122,122706,1690200,125031,1646,125977,146520,104661,64555,81023,98336,206892,325358,380828,38739,
1932,TOT,Total,39752454,245354,,118251,220562,2267966,457696,594183,112901,276252,255590,,186625,3407926,1576927,1036687,791978,983063,268804,298444,511054,1580114,1664765,1002843,146034,1609894,216479,570137,41430,205520,1630063,151606,4688614,711501,256290,2609728,704633,368808,2859177,266170,104407,288438,390256,863426,206578,136980,297942,614814,743774,1114808,96962,
1932,DEM,FDR,22821513,207910,,79264,189602,1324157,250877,281632,54319,206307,234118,,109479,1882304,862054,598019,424204,580574,249418,128907,314314,800148,871700,600806,140168,1025406,127286,359082,28756,100680,806630,95089,2534959,497566,178350,1301695,516468,213871,1295948,146604,102347,183515,259473,760348,116750,56266,203979,353260,405124,707410,54370,
1932,REP,HerbertHoover,15761532,34675,,36104,28467,847902,189617,288420,57073,69170,19863,,71417,1432756,677184,414433,349498,394716,18853,166631,184184,736959,739894,363959,5180,564713,78078,201177,12674,103629,775684,54217,1937963,208344,71772,1227319,188165,136019,1453540,115266,1978,99212,126752,97959,84795,78984,89637,208645,330731,347741,39583,
1932,SOC,NormanThomas,884895,2030,,2618,1269,63299,13591,20480,1376,775,461,,526,67258,21388,20467,18276,3853,0,2489,10489,34305,39205,25476,686,16374,7891,9876,0,947,42998,1776,177397,5591,3521,64094,0,15450,91223,3138,82,1551,1796,4450,4087,1533,2382,17080,5133,53379,2829,
1928,TOT,Total,36808961,248981,,91254,197693,1796656,392242,553124,105891,253674,229158,,151541,3107489,1421314,1009489,713200,941274,215833,262171,528348,1577823,1372082,970976,151692,1500721,194108,547144,32417,196757,1549381,118014,4405626,635150,239867,2508346,618427,319942,3150610,237194,68605,261865,363473,708999,176603,135191,305358,500840,642752,1016831,82835,
1928,DEM,AlSmith,15015863,127796,,38537,119196,614365,133131,252085,36643,101764,129602,,52926,1313817,562691,379311,193003,381070,164655,81179,223626,792758,396762,396451,124539,662562,78578,197959,14090,80715,616517,48211,2089863,286227,106648,864210,219174,109223,1067586,118973,62700,102660,167343,341032,80985,44440,140146,156772,263784,450259,29299,
1928,REP,HerbertHoover,21428584,120725,,52533,77751,1162323,253872,296641,68860,144168,99368,,97322,1769141,848290,623570,513672,558734,51160,179923,301479,775566,965396,560977,27153,834080,113300,345745,18327,115404,926050,69645,2193344,348923,131441,1627546,394046,205341,2055382,117522,5858,157603,195388,367036,94618,90404,164609,335844,375551,544205,52748,
1924,TOT,Total,29092624,162355,,73961,138532,1281900,342260,400295,90885,109154,166577,,148295,2470067,1272390,976770,662454,815332,121951,192192,358630,1129837,1160419,822146,112462,1307958,174423,464173,26921,164769,1086079,112830,3263939,482687,199081,2016237,528415,279488,2144850,210115,50752,203868,300220,657509,156990,102917,223602,421549,583662,840826,79900,
1924,DEM,JohnDavis,8384341,113138,,26235,84795,105514,75238,110184,33445,62083,123200,,24256,576975,492245,160382,156319,374855,93218,41964,148072,280831,152359,55913,100474,572753,33805,137289,5909,57201,297743,48542,950796,284270,13858,477888,255798,67589,409192,76606,49008,27214,158682,484605,47001,16124,139716,42842,257232,68115,12868,
1924,REP,CalvinCoolidge,15719068,40615,,30516,40564,733250,195171,246322,52441,30633,30300,,69879,1453321,703042,537458,407671,398966,24670,138440,162414,703476,874631,420759,8494,648486,74138,218585,11243,98575,675162,54745,1820058,191753,94931,1176130,226242,142579,1401481,125286,1123,101299,130728,130023,77327,80498,73312,220224,288635,311614,41858,
1924,PRO,RobertLaFollette,4833821,8040,,17210,13173,424649,69945,42416,4979,8625,12691,,54160,432027,71700,274448,98461,38465,0,11382,47157,141225,122014,339192,3494,84160,66123,106701,9769,8993,108901,9543,474913,6651,89922,357948,46375,68403,307567,7628,620,75355,10610,42881,32662,5964,10377,150727,36723,453678,25174,
1920,TOT,Total,26788225,260307,,66562,183637,944050,292053,365518,94875,145681,148716,,135624,2094714,1262964,895082,570318,918636,126396,197840,428443,993718,1048411,735838,82492,1332800,179006,382743,27194,159092,903943,105406,2898513,538758,205776,2021653,486610,238522,1852616,167981,66808,182237,428626,486641,145828,89961,230999,398715,509942,701280,54700,
1920,DEM,JohnCox,9140256,160560,,29546,107409,229191,104936,120721,39911,90515,107162,,46579,534395,511364,227921,185464,456497,87519,58961,180626,276691,233450,142994,69277,574799,57372,119608,9851,62662,256887,46668,781238,305447,37422,780037,217053,80019,503843,55062,64170,35938,206558,288767,56639,20919,141670,84298,220789,113422,17429,
1920,REP,WarrenHarding,16166126,96589,,37016,71117,624992,173248,229238,52858,44853,41089,,88975,1420480,696370,634674,369268,452480,38538,136355,236117,681153,762865,519421,11576,727162,109430,247498,15479,95196,611541,57634,1871167,232848,160072,1182022,243831,143592,1218216,107463,2610,110692,219829,114538,81555,68212,87456,223137,282007,498576,35091,
1920,SOC,EugeneDebs,914191,2402,,0,5111,64076,8046,10350,988,5189,465,,38,74747,24703,16981,15511,6409,0,2214,8876,32267,28947,56106,1639,20242,0,9600,1864,1234,27141,0,203201,446,8282,57147,25726,9801,70571,4351,28,0,2239,8121,3159,0,807,8913,5618,80635,0,
1916,TOT,Total,18541318,130728,,58021,170104,999603,294375,213874,51810,80734,160681,,134615,2192707,718848,516944,629813,520075,92982,136314,262039,531832,650973,387364,86679,786769,177679,287315,33316,89127,494442,66787,1706305,289835,115390,1165086,292416,261650,1297292,87816,63952,128942,272190,372461,143146,64475,153992,380994,289852,447134,51840,
1916,DEM,WoodrowWilson,9130861,99409,,33170,112211,466289,178816,99786,24753,55984,127754,,70054,950229,334063,221699,314588,269990,79875,64033,138359,247894,286775,179152,80422,398032,101063,158827,17776,43781,211018,33527,759426,168383,55206,604161,148113,120087,521784,40394,61846,59191,153280,286514,84145,22708,102824,183388,140403,191363,28316,
1916,REP,CharlesHughes,8549700,28662,,20524,48879,462516,102308,106514,26011,14611,11294,,55368,1152549,341005,280439,277658,241854,6466,69508,117347,268784,339097,179544,4253,369339,66750,117771,12127,43725,268982,31152,879238,120890,53471,514753,97233,126813,703823,44858,1550,64217,116223,64999,54137,40250,49356,167208,143124,220822,21698,
1916,SOC,AllanBenson,590190,1916,,3174,6999,42898,10049,5179,480,5353,941,,8066,61394,21855,10976,24685,4734,292,2177,2674,11058,16120,20117,1484,14612,9564,7141,3065,1318,10405,1996,45944,509,5716,38092,45190,9711,42638,1914,135,3760,2542,18963,4460,798,1062,22800,6150,27631,1453,
1912,TOT,Total,15045546,117869,,23722,125104,677944,266880,190404,48694,50837,121470,,105754,1146173,654474,492356,365560,452714,79248,129640,231981,488057,550976,334219,64483,698566,79826,249483,20115,87961,432739,49376,1588315,243918,86580,1037094,253801,137040,1217736,77894,50405,116325,251933,301778,112386,62842,136976,322799,268828,399975,42296,
1912,DEM,WoodrowWilson,6294284,82438,,10324,68814,283436,114232,74561,22631,35343,93087,,33921,405048,281890,185325,143663,219484,60871,51113,112674,173408,150751,106426,57324,330746,27941,109008,7986,34724,178289,20437,655573,144507,29555,424834,119156,47064,395637,30412,48357,48942,133021,219489,36579,15354,90332,86840,113197,164230,15310,
1912,REP,WilliamTaft,3487937,9717,,3021,25585,3914,58386,68324,15998,4279,5191,,32810,253593,151267,119805,74845,115510,3833,26545,54956,155948,152244,64334,1560,207821,18512,54226,3196,32927,88835,17733,455487,29139,23090,278168,90786,34673,273360,27703,536,0,60475,28530,42100,23332,23288,70445,56754,130596,14560,
1912,PRO,TeddyRoosevelt,4120609,22680,,6949,21644,283610,72306,34129,8886,4555,21985,,25527,386478,162007,161819,120210,101766,9283,48495,57789,142228,214584,125856,3549,124375,22456,72681,5620,17794,145410,8347,390093,69130,25726,229807,0,37600,444894,16878,1293,58811,54041,26745,24174,22132,21777,113698,79112,62448,9232,
1912,SOC,EugeneDebs,900742,3029,,3163,8153,79201,16418,10056,556,4806,1058,,11960,81278,36931,16967,26779,11646,5261,2541,3996,12616,23211,27505,2050,28466,10885,10185,3313,1981,15948,2859,63434,1025,6966,90144,41674,13343,83614,2049,164,4662,3564,24896,9023,928,820,40134,15248,33476,2760,
1908,TOT,Total,14889239,105152,,,151822,386597,263858,190003,48007,49360,132504,,97293,1155254,721126,494769,375946,490719,75117,106336,238531,456919,541830,331304,66904,715927,68822,266799,24526,89600,467111,,1638350,252554,94525,1121552,254983,110889,1267450,72317,66379,114775,257180,293757,108613,52680,137065,183879,258105,454441,37609,
1908,DEM,WilliamBryan,6408979,74391,,,87015,127492,126644,68255,22055,31104,72350,,36162,450810,338262,200771,161209,244092,63568,35403,115908,155543,175771,109401,60287,346574,29326,131099,11212,33655,182522,,667468,136928,32885,502721,122363,38049,448782,24706,62288,40266,135608,217302,42601,11496,82946,58691,111418,166662,14918,
1908,REP,WilliamTaft,7678335,25561,,,56624,214398,123693,112915,25014,10654,41355,,52621,629932,348993,275209,197216,235711,8958,66987,116513,265966,335580,195843,4363,347203,32333,126997,10775,53149,265298,,870070,114887,57680,572312,110474,62530,745779,43942,3945,67536,117977,65666,61028,39552,52572,106062,137869,247747,20846,
1908,SOC,EugeneDebs,420852,1450,,,5842,28659,7960,5113,239,3747,584,,6400,34711,13476,8287,12420,4093,2514,1758,2323,10779,11586,14527,978,15431,5855,3524,2103,1299,10249,,38451,372,2421,33795,21734,7339,33914,1365,100,2846,1870,7870,4895,0,255,14177,3679,28147,1715,
1904,TOT,Total,13525095,108785,,,116421,331878,243667,191128,43856,38705,130986,,72578,1076499,682185,486093,328561,435946,53908,97023,224229,445109,525027,292860,58721,643861,64444,225732,12115,90161,432547,,1617770,207818,70014,1004393,,90154,1236738,68656,55118,101395,242750,234008,101672,51888,130410,145151,239986,443441,30708,
1904,DEM,AltonParker,5083880,79797,,,64434,89404,100105,72909,19347,26449,83466,,18480,327606,274345,149276,86174,217170,47708,27642,109446,165746,135392,55187,53480,296312,21773,52921,3982,34074,164566,,683981,124091,14273,344674,,17521,337998,24839,52563,21969,131653,167200,33413,9777,80649,28098,100855,124205,8930,
1904,REP,TeddyRoosevelt,7630557,22472,,,46860,205226,134661,111089,23705,8314,24004,,47783,632645,368289,308158,212955,205457,5205,65432,109497,257822,364957,216651,3280,321449,34932,138558,6864,54163,245164,,859533,82442,52595,600095,,60455,840949,41605,2554,72083,105363,51242,62446,40459,48180,101540,132620,280315,20489,
1904,SOC,EugeneDebs,402810,853,,,1816,29535,4304,4543,146,2337,196,,4949,69225,12013,14849,15869,3599,995,2102,2247,13604,9042,11692,462,13009,5676,7412,925,1090,9587,,36883,124,2009,36260,,7619,21863,956,0,3138,1354,2791,5767,859,202,10023,1573,28240,1072,
1900,TOT,Total,13997429,159692,,,127866,302318,221408,180195,41989,39649,121410,,57914,1131897,664094,530355,353766,468265,67906,105693,264434,414804,544379,316311,59055,683656,63856,241430,10196,92364,401050,,1548042,292518,84216,1040073,,83251,1173210,56548,50812,96124,273860,423706,93189,56212,264208,107524,220796,442501,24687,
1900,DEM,WilliamBryan,6370932,97129,,,81142,124985,122733,74014,18852,28273,81180,,29414,503061,309584,209265,162601,235126,53668,36822,122238,156997,211685,112901,51706,351922,37311,114013,6347,35489,164808,,678462,157733,33385,474882,,32810,424232,19812,47233,39544,145240,267432,45006,12849,146079,44833,98807,159163,10164,
1900,REP,WilliamMcKinley,7228864,55612,,,44800,164755,93072,102572,22535,7355,34260,,27198,597985,336063,307808,185955,227132,14234,65412,136185,238866,316269,190461,5707,314092,25409,121835,3849,54799,221707,,822013,132997,46526,543918,,46172,712665,33784,3579,54530,123108,130641,47139,42569,115769,57456,119829,265760,14482,
1896,TOT,Total,13938674,194580,,,149347,298419,189539,174390,38456,46488,162480,,29621,1090869,637119,521547,334547,445928,101046,118419,250249,401568,545585,341762,69591,673906,53330,223182,10314,83670,371211,,1423876,331337,47391,1014295,,97414,1194355,54785,68938,82950,320903,544786,78119,63847,294674,93583,201757,447409,21092,
1896,DEM,WilliamBryan,6510807,130298,,,110103,144766,161005,56740,16574,32756,93885,,23135,465613,305573,223741,171675,217894,77175,34587,104150,105711,237166,139735,63355,363667,42628,115007,8376,21650,133695,,551369,174408,20686,477497,,46739,433228,14459,58801,41225,167168,370434,64607,10640,154708,53314,94480,165523,10861,
1896,REP,WilliamMcKinley,7112138,55673,,,37512,146688,26271,110285,20450,11298,59395,,6314,607130,323754,289293,159345,218171,22037,80403,136959,278976,293336,193503,4819,304940,10509,103064,1938,57444,221535,,819838,155122,26335,525991,,48779,728300,37437,9313,41042,148683,167520,13491,51127,135379,39153,105379,268135,10072,
1892,TOT,Total,12068027,232543,,,148117,269609,93891,164595,37235,35471,223126,,19407,873647,553613,443159,324905,340864,114889,116451,213275,391028,466045,267238,52519,541583,44461,200192,10878,89329,337623,,1336793,280270,36118,850164,,78491,1003010,53196,70504,70513,265732,422145,,55796,292238,87969,171079,371581,16735,
1892,DEM,GroverCleveland,5553898,138135,,,87834,118174,0,82395,18581,30153,129446,,0,426281,262740,196367,0,175461,87926,48049,113866,176813,201624,100920,40030,268400,17690,24943,714,42081,171066,,654868,132951,0,404115,,14243,452264,24336,54680,9081,136468,239148,,16325,164136,29802,84467,177325,0,
1892,REP,BenjaminHarrison,5190799,9184,,,47072,118027,38620,77032,18077,0,48408,,8599,399288,255615,219795,157241,135462,26963,62936,92736,202814,222708,122823,1398,227646,18871,87213,2811,45658,156101,,609350,100346,17519,405187,,35002,516011,26975,13345,34888,100537,81144,,37992,113098,36460,80292,171101,8454,
1892,POP,JamesWeaver,1026595,84984,,,11831,25311,53584,809,0,4843,41939,,10520,22207,22208,20595,163111,23500,0,2396,796,3210,19931,29313,10118,41204,7338,83134,7264,293,985,,16429,44336,17700,14850,,26965,8714,228,2407,26544,23918,99688,,44,12275,19165,4167,10019,7722,
1888,TOT,Total,11388846,175085,,,157058,251339,91946,153978,29764,66500,142936,,,747813,536949,404135,331149,344868,115891,128253,210941,344243,475356,263285,115786,521360,,202632,12278,90835,303801,,1319748,285563,,840361,,61853,997568,40775,79997,,303694,357513,,65452,304087,,159440,354614,,
1888,DEM,GroverCleveland,5538163,117314,,,86062,117729,37549,74920,16414,39557,100493,,,348351,261013,179877,102745,183830,85032,50472,106188,151590,213469,104385,85451,261943,,80552,5149,43456,151508,,635965,147902,,396455,,26522,446633,17530,65824,,158699,234883,,16788,152004,,78677,155232,,
1888,REP,BenjaminHarrison,5443633,57177,,,59752,124816,50772,74584,12950,26529,40499,,,370475,263361,211603,182904,155138,30660,73730,99986,183892,236387,142492,30095,236252,,108425,7088,45728,144360,,650338,134784,,416054,,33291,526091,21969,13736,,138978,88422,,45192,150399,,78171,176553,,
1884,TOT,Total,10060145,153624,,,125779,196988,66519,137257,29984,59990,143610,,,672670,495332,377201,265848,276481,109399,130491,186019,303383,401186,190017,120688,441268,,134202,12797,84586,260921,,1167169,268356,,784610,,52682,903864,32771,92812,,259978,325305,,59401,284977,,132145,319835,,
1884,DEM,GroverCleveland,4914482,92736,,,72734,89288,27723,67182,16957,31769,94667,,,312351,245005,177316,90132,152961,62594,52153,96866,122352,189361,70065,77653,236023,,54391,5578,39198,127798,,563154,142905,,368280,,24604,392785,12391,69845,,133770,225309,,17331,145491,,67311,146453,,
1884,REP,JamesBlaine,4856903,59444,,,51198,102369,36084,65898,12953,28031,48603,,,337469,238489,197089,154406,118690,46347,72217,85748,146724,192669,111685,43035,203081,,76912,7193,43254,123440,,562005,125021,,400082,,26860,478804,19030,21730,,124101,93141,,39514,139356,,63096,161135,,
1880,TOT,Total,9217410,151902,,,107772,164218,53546,132798,29458,51618,157451,,,622305,470672,322668,201236,267104,104462,143903,172221,282265,353079,150770,117068,397289,,87452,18345,86361,245928,,1103945,240946,,724967,,40823,874783,29235,169793,,243263,241726,,64594,211616,,112641,267187,,
1880,DEM,WinfieldHancock,4444267,91130,,,60489,80426,24647,64411,15181,27964,102981,,,277321,225522,105845,59801,148875,65047,65211,93706,111720,131597,53315,75750,208600,,28523,9613,40797,122565,,534511,124204,,340821,,19955,407428,10779,111236,,129569,156428,,18182,128083,,57390,114644,,
1880,REP,JamesGarfield,4453337,56350,,,41661,80282,27450,67071,14148,23654,54470,,,318036,232164,183904,121549,106490,38978,74052,78515,165198,185335,93902,34844,153647,,54979,8732,44856,120555,,555544,115616,,375048,,20619,444704,18195,57954,,107677,57893,,45091,83533,,46243,144398,,
1880,GRE,JamesWeaver,306135,4422,,,4079,3381,1435,868,129,0,0,,,26358,12986,32327,19851,11506,437,4409,0,4548,34895,3267,5797,35042,,3950,0,528,2617,,12373,1126,,6456,,249,20668,236,567,,6017,27405,,1212,0,,9008,7986,,
1876,TOT,Total,8418659,171699,,,96946,155784,,122134,24133,46776,180690,,,554227,438911,292878,124134,260626,145823,117045,163759,259620,318450,124075,164776,350610,,49328,19691,80141,220193,,1015503,233911,,658649,,29881,758993,26627,182683,,222743,149555,,64553,236288,,99647,257177,,
1876,DEM,SamuelTilden,4286808,102989,,,58086,76460,,61927,13381,22927,130157,,,258611,213526,112121,37902,160060,70508,49917,91779,108777,141685,48587,112173,202086,,17413,9308,38510,115962,,521949,125427,,323182,,14157,366204,10712,90897,,133177,104755,,20254,140770,,56546,123926,,
1876,REP,RutherfordHayes,4034142,68708,,,38649,79258,,59033,10752,23849,50533,,,278232,208011,171326,78324,97568,75315,66300,71980,150064,166901,72955,52603,145027,,31915,10383,41540,103517,,489207,108484,,330698,,15214,384184,15787,91786,,89566,44800,,44091,95518,,41997,130067,,
1872,TOT,Total,6471983,169716,,,79300,95785,,96009,21822,33190,138906,,,429971,351196,216365,100512,191135,128692,90523,134447,192864,221455,90919,129457,273059,,25932,14649,68906,168112,,828020,165163,,529436,,20147,563262,18994,95452,,179046,116594,,52980,185195,,62467,192305,,
1872,LRP,HoraceGreeley,2833710,79444,,,37927,40717,,45695,10205,15427,76356,,,184884,163632,71189,32970,99995,57029,29097,67687,59195,78551,35211,47282,151434,,7603,6236,31425,76456,,387282,70130,,244321,,7742,212041,5329,22699,,93391,66546,,10926,91647,,29532,86477,,
1872,REP,UlyssesS.Grant,3597439,90272,,,41373,54007,,50314,11129,17763,62550,,,241936,186147,131566,66805,88766,71663,61426,66760,133455,138758,55708,82175,119196,,18329,8413,37168,91656,,440738,94772,,281852,,11818,349589,13665,72290,,85655,47468,,41480,93463,,32320,104994,,
1868,TOT,Total,5722816,149594,,,41190,108656,,98632,18571,,159816,,,449420,343532,194439,43630,155455,113488,112962,92795,195508,225620,71818,,152488,,15291,11698,68304,163132,,849771,181498,,518788,,22086,655662,19541,107538,,82757,,,56212,,,49321,193603,,
1868,DEM,HoratioSeymour,2708980,72921,,,19078,54068,,47844,10957,,102707,,,199116,166980,74040,13600,115889,80225,42460,62357,59103,97060,28096,,65628,,5519,5218,30575,83001,,429883,84559,,238621,,11125,313382,6548,45237,,26129,,,12045,,,20306,84703,,
1868,REP,UlyssesS.Grant,3013790,76667,,,22112,54588,,50788,7614,,57109,,,250304,176552,120399,30027,39566,33263,70502,30438,136379,128560,43722,,86860,,9772,6480,37718,80131,,419888,96939,,280167,,10961,342280,12993,62301,,56628,,,44167,,,29015,108900,,
1864,TOT,Total,4018202,,,,,105890,,86981,16922,,,,,348236,280655,138025,21580,92088,,114797,72892,175490,147662,42422,,104346,,,16420,69630,128747,,730721,,,471253,,18345,572707,22432,,,,,,55742,,,34877,149342,,
1864,DEM,GeorgeMcClellan,1806227,,,,,43837,,42288,8767,,,,,158724,130233,49525,3836,64301,,46992,32739,48745,68513,17367,,31596,,,6594,33034,68024,,361986,,,205599,,8457,276316,8470,,,,,,13322,,,11078,65884,,
1864,REP,AbrahamLincoln,2211317,,,,,62053,,44693,8155,,,,,189512,150422,88500,17089,27787,,67805,40153,126742,79149,25055,,72750,,,9826,36596,60723,,368735,,,265654,,9888,296391,13962,,,,,,42420,,,23799,83458,,
1860,TOT,Total,4681267,90122,,,54152,119827,,80745,16115,13301,106717,,,339666,272143,128739,,146216,50510,100918,92502,169876,154549,34737,69095,165563,,,,65943,121215,,675156,96712,,432862,,14761,476442,19951,,,146106,62986,,44566,166891,,,152183,,
1860,DEM,StephenDouglas,1381944,13618,,,5357,37999,,17364,1066,223,11581,,,160215,115509,55639,,25651,7625,29693,5966,34370,64889,11920,3282,58801,,,,25887,62869,,312510,2737,,187421,,4131,16765,7707,,,11281,0,,8649,16198,,,65021,,
1860,REP,AbrahamLincoln,1855993,0,,,0,38733,,43486,3822,0,0,,,172171,139033,70302,,1364,0,62811,2294,106684,88450,22069,0,17028,,,,37519,58346,,362646,0,,221809,,5344,268030,12244,,,0,0,,33808,1887,,,86113,,
1860,DIX,JohnBreckinridge,851844,48669,,,28732,33969,,16558,7339,8277,52176,,,2331,12295,1035,,53143,22681,6368,42482,6163,805,748,40768,31362,,,,2125,0,,0,48846,,11303,,5074,178871,0,,,65097,47548,,1866,74325,,,888,,
1860,CON,JohnBell,590946,27835,,,20063,9111,,3337,3888,4801,42960,,,4914,5306,1763,,66058,20204,2046,41760,22331,405,0,25045,58372,,,,412,0,,0,45129,,12193,,212,12776,0,,,69728,15438,,217,74481,,,161,,
1856,TOT,Total,4051605,75291,,,32642,110255,,80329,14598,11191,99020,,,239334,235431,92310,,142058,42873,109689,86860,170048,125561,,59647,106486,,,,69774,99396,,596486,84963,,386497,,,460161,19822,,,133582,46808,,50748,150233,,,119512,,
1856,DEM,JamesBuchanan,1835140,46739,,,21910,53342,,34997,8004,6358,56581,,,105528,118670,37568,,74642,22164,39140,39123,39244,52139,,35456,57964,,,,31891,46943,,195878,48243,,170874,,,230686,6680,,,69704,31169,,10577,90083,,,52843,,
1856,REP,JohnFremont,1340668,0,,,0,20704,,42717,310,0,0,,,96275,94375,45073,,0,0,67279,285,108172,71762,,0,0,,,,37473,28338,,276004,0,,187497,,,147286,11467,,,0,0,,39561,0,,,66090,,
1856,KNP,MillardFillmore,872703,28552,,,10732,36195,,2615,6275,4833,42439,,,37531,22386,9669,,67416,20709,3270,47452,19626,1660,,24191,48522,,,,410,24115,,124604,36720,,28126,,,82189,1675,,,63878,15639,,545,60150,,,579,,
1852,TOT,Total,3159640,44147,,,19577,76810,,66781,12673,7193,62626,,,154974,183170,35364,,111643,35902,82182,75120,127103,82939,,44454,68801,,,,50535,83220,,522294,78891,,353188,,,387839,17005,,,115486,18547,,43890,132604,,,64682,,
1852,DEM,FranklinPierce,1605943,26881,,,12173,40721,,33249,6318,4318,40516,,,80378,95340,17763,,53949,18647,41609,40022,44569,41842,,26896,38817,,,,28503,44305,,262083,39788,,168933,,,198562,8735,,,56900,13552,,13044,73872,,,33658,,
1852,WHI,WinfieldScott,1386418,15061,,,7404,35972,,30359,6293,2875,16660,,,64733,80901,15856,,57428,17255,32543,35077,52683,33860,,17558,29984,,,,15486,38556,,234882,39043,,152523,,,179104,7626,,,58586,4995,,22173,58732,,,22210,,
1852,FRE,JohnHale,155799,0,,,0,61,,3161,62,0,0,,,9863,6929,1606,,266,0,8030,21,28023,7237,,0,0,,,,6546,359,,25329,0,,31732,,,8495,644,,,0,0,,8621,0,,,8814,,
1848,TOT,Total,2876818,61659,,,16888,,,62398,12432,7203,92317,,,124596,152752,22271,,116865,33866,87625,72359,134748,65082,,52456,72748,,,,50104,77735,,455944,79852,,328479,,,368552,11155,,,122463,15177,,47922,92004,,,39166,,
1848,DEM,LewisCass,1222353,31173,,,9301,,,27051,5910,3083,44785,,,55952,74745,11238,,49720,15379,40195,34528,35281,30742,,26545,40077,,,,27763,36901,,114319,35772,,154773,,,171976,3646,,,58142,10668,,10948,46739,,,15001,,
1848,WHI,ZacharyTaylor,1360235,30482,,,7587,,,30318,6440,4120,47532,,,52853,69907,9930,,67145,18487,35273,37702,61072,23947,,25911,32671,,,,14781,40015,,218583,44054,,138359,,,185313,6779,,,64321,4509,,23132,45265,,,13747,,
1848,FRE,MartinVanBuren,291475,0,,,0,,,5005,82,0,0,,,15702,8100,1103,,0,0,12157,129,38333,10393,,0,0,,,,7560,819,,120497,0,,35347,,,11263,730,,,0,0,,13837,0,,,10418,,
1844,TOT,Total,2703864,63403,,,15150,,,64616,12247,,86247,,,109057,140154,,,113237,26865,84933,68690,132037,55751,,45004,72522,,,,49187,75944,,485882,82521,,312224,,,331572,12296,,,119957,,,48829,95539,,,,,
1844,DEM,JamesPolk,1339570,37401,,,9546,,,29841,5970,,44147,,,58795,70181,,,51988,13782,45719,32706,53039,27737,,25846,41322,,,,27160,37495,,237588,39287,,149061,,,167447,4867,,,59917,,,18049,50679,,,,,
1844,WHI,HenryClay,1300157,26002,,,5604,,,32832,6271,,42100,,,45854,67867,,,61249,13083,34378,35984,67062,24375,,19158,31200,,,,17866,38318,,232482,43232,,155113,,,161125,7322,,,60040,,,26780,44860,,,,,
1844,LBT,JamesBirney,62054,0,,,0,,,1943,0,,0,,,3469,2106,,,0,0,4836,0,10830,3639,,0,0,,,,4161,131,,15812,0,,8050,,,3000,107,,,0,,,3970,0,,,,,
1840,TOT,Total,2412694,62511,,,11839,,,56879,10852,,72322,,,93175,116906,,,91104,18912,92802,62280,126825,44350,,36525,52923,,,,59956,64454,,441543,80735,,273842,,,288026,8621,,,108145,,,50773,86394,,,,,
1840,DEM,MartinVanBuren,1129645,33996,,,6679,,,25281,4872,,31983,,,47441,51604,,,32616,7616,46190,28752,52355,21096,,17010,29969,,,,32774,31034,,212733,34168,,124782,,,143676,3301,,,47951,,,18009,43757,,,,,
1840,WHI,WilliamHarrison,1275583,28515,,,5160,,,31598,5967,,40339,,,45574,65302,,,58488,11296,46612,33528,72852,22933,,19515,22954,,,,26310,33351,,226001,46567,,148157,,,144010,5278,,,60194,,,32445,42637,,,,,
1836,TOT,Total,1502811,37296,,,3714,,,38093,8895,,47259,,,33589,73759,,,70090,7425,38740,48119,74732,12667,,20079,18332,,,,24925,51729,,305343,50153,,202333,,,178692,5674,,,62197,,,35031,53945,,,,,
1836,DEM,MartinVanBuren,763291,20638,,,2380,,,19294,4154,,22778,,,18369,32478,,,33229,3842,22825,22267,33486,7122,,10297,10995,,,,18697,25592,,166795,26631,,96238,,,91457,2964,,,26170,,,14037,30556,,,,,
1836,WHI,WilliamHarrison,549907,0,,,0,,,18799,4736,,0,,,15220,41281,,,36861,0,14803,25852,0,5545,,0,0,,,,6228,26137,,138548,0,,104958,,,87235,2710,,,0,,,20994,0,,,,,
1836,WHI,HughWhite,146107,16658,,,1334,,,0,0,,24481,,,0,0,,,0,3583,0,0,0,0,,9782,7337,,,,0,0,,0,23521,,0,,,0,0,,,36027,,,0,23384,,,,,
1836,WHI,DanielWebster,41201,0,,,0,,,0,0,,0,,,0,0,,,0,0,0,0,41201,0,,0,0,,,,0,0,,0,0,,0,,,0,0,,,0,,,0,0,,,,,
1832,TOT,Total,1283720,14291,,,,,,32833,8386,,20750,,,21481,47023,,,79741,6337,62153,38316,67619,,,5750,5192,,,,43793,47760,,323393,29799,,158294,,,158638,4936,,,29425,,,32128,45682,,,,,
1832,DEM,AndrewJackson,702735,14286,,,,,,11269,4110,,20750,,,14609,31551,,,36292,3908,33978,19156,13933,,,5750,5192,,,,24855,23826,,168497,25261,,81246,,,91949,2126,,,28078,,,7870,34243,,,,,
1832,AJP,HenryClay,474107,5,,,,,,18155,4276,,0,,,6745,15472,,,43449,2429,27331,19160,31963,,,0,0,,,,18938,23466,,154896,4538,,76539,,,0,2810,,,1347,,,11152,11436,,,,,
1832,AMP,WilliamWirt,99817,0,,,,,,3409,0,,0,,,97,0,,,0,0,844,0,14692,,,0,0,,,,0,468,,0,0,,509,,,66689,0,,,0,,,13106,3,,,,,
1828,TOT,Total,1149216,18618,,,,,,19378,,,20004,,,14222,39309,,,70776,8687,34789,45796,39074,,,8344,11654,,,,44035,45570,,270975,51747,,130993,,,152500,3575,,,46533,,,33713,38924,,,,,
1828,DEM,AndrewJackson,642806,16736,,,,,,4448,,,19362,,,9560,22257,,,39308,4605,13927,22782,6012,,,6763,8232,,,,20212,21809,,139412,37814,,67597,,,101652,821,,,44293,,,8350,26854,,,,,
1828,AJP,JohnQ.Adams,501967,1878,,,,,,13829,,,642,,,4662,17052,,,31468,4082,20773,23014,29836,,,1581,3422,,,,23823,23753,,131563,13918,,63396,,,50848,2754,,,2240,,,25363,12070,,,,,
